office_id,office_name,mail_type_code,booking_date, total_articles , base_amount , reg_fee , pod_ack_charge , insurance_value , insurance_charge , cod_value , cod_charge , vp_value , vp_charge , cgst , sgst , otp_charge , pickup_charge , ams_charge , premailing_charge , door_delivery_charge , export_duty_inr , export_duty_usd , ddd_charge , student_discount , igst , utgst , total_amount 
11300001,Andhra Pradesh Circle,All Mail Types,01-04-2026," 58,862 "," 37,42,092 "," 19,200 "," 1,39,980 "," 4,09,900 "," 14,046 "," 17,28,946 "," 4,109 ", -   , -   ," 3,33,482 "," 3,33,482 "," 1,075 ", -   , -   , -   ," 1,590 ", -   , -   , -   , -   ," 4,997 ", -   ," 36,90,665 "
11300001,Andhra Pradesh Circle,All Mail Types,02-04-2026," 57,251 "," 52,85,078 "," 16,670 "," 1,31,760 "," 1,69,750 "," 4,322 "," 11,59,865 "," 3,244 ", -   , -   ," 4,71,917 "," 4,71,917 ", 630 , 100 , -   , -   ," 1,150 ", -   , -   , -   , -   ," 5,931 ", -   ," 56,09,033 "
11300001,Andhra Pradesh Circle,All Mail Types,03-04-2026," 1,429 "," 86,096 ", 55 ," 4,100 ", -   , -   ," 1,24,548 ", -   , -   , -   ," 6,956 "," 6,956 ", 40 , -   , -   , -   , 40 , -   , -   , -   , -   ," 1,542 ", -   ," 81,664 "
11300001,Andhra Pradesh Circle,All Mail Types,04-04-2026," 44,372 "," 30,88,577 "," 12,375 "," 93,990 "," 48,501 "," 2,101 "," 15,00,696 "," 5,948 ", -   , -   ," 2,75,411 "," 2,75,411 ", 305 , -   , -   , -   ," 1,400 ", -   , -   , -   , -   ," 4,049 ", -   ," 32,79,813 "
11300001,Andhra Pradesh Circle,All Mail Types,05-04-2026, 669 ," 43,749 ", -   ," 2,450 ", -   , -   ," 15,456 ", -   , -   , -   ," 3,422 "," 3,422 ", -   , -   , -   , -   , 40 , -   , -   , -   , -   ," 1,027 ", -   ," 48,923 "
11300001,Andhra Pradesh Circle,All Mail Types,06-04-2026," 43,693 "," 24,48,708 "," 13,130 "," 95,480 "," 97,200 "," 4,040 "," 11,28,576 "," 4,037 ", -   , -   ," 2,17,324 "," 2,17,324 "," 2,180 ", -   , -   , -   ," 1,350 "," 1,640 ", -   , -   , -   ," 4,715 ", -   ," 24,90,527 "
11300001,Andhra Pradesh Circle,All Mail Types,07-04-2026," 52,711 "," 27,45,742 "," 20,655 "," 1,18,480 "," 38,302 "," 1,483 "," 10,34,846 "," 2,403 ", -   , -   ," 2,44,864 "," 2,44,864 ", 800 , -   , -   , -   ," 1,270 ", -   , -   , -   , -   ," 3,248 ", -   ," 27,02,216 "
11300001,Andhra Pradesh Circle,All Mail Types,08-04-2026," 49,801 "," 25,53,149 "," 17,785 "," 1,25,140 "," 63,900 "," 2,317 "," 9,59,247 ", 883 , -   , -   ," 2,26,300 "," 2,26,300 ", 780 , -   , -   , -   ," 1,125 "," 5,970 ", -   , -   , -   ," 5,896 ", -   ," 24,85,848 "
11300001,Andhra Pradesh Circle,All Mail Types,09-04-2026," 50,926 "," 31,32,746 "," 19,890 "," 1,18,590 "," 2,90,902 "," 9,488 "," 7,86,039 "," 2,743 ", -   , -   ," 2,79,969 "," 2,79,969 ", 345 , -   , 110 , -   ," 1,110 ", -   , -   , -   , -   ," 2,886 ", -   ," 31,78,004 "
11300001,Andhra Pradesh Circle,All Mail Types,10-04-2026," 46,653 "," 24,07,008 "," 22,035 "," 1,16,370 "," 80,100 "," 3,728 "," 8,29,285 "," 2,302 ", -   , -   ," 2,14,178 "," 2,14,178 ", 150 , -   , 41 , -   ," 1,115 ", -   , -   , -   , 5 ," 4,143 ", -   ," 22,96,507 "
11300001,Andhra Pradesh Circle,All Mail Types,11-04-2026," 30,262 "," 16,19,552 "," 11,420 "," 69,420 "," 5,51,000 "," 2,412 "," 8,31,185 "," 3,641 ", -   , -   ," 1,42,391 "," 1,42,391 ", 885 , -   , -   , -   ," 1,070 ", 149 , -   , -   , -   ," 6,522 ", -   ," 16,78,737 "
11300001,Andhra Pradesh Circle,All Mail Types,12-04-2026, 903 ," 83,972 ", 265 ," 1,970 "," 32,700 ", 612 ," 50,426 ", -   , -   , -   ," 4,650 "," 4,650 ", 10 , -   , -   , -   , 25 , -   , -   , -   , -   ," 5,777 ", -   ," 93,435 "
11300001,Andhra Pradesh Circle,All Mail Types,13-04-2026," 45,088 "," 29,07,031 "," 20,850 "," 1,06,460 "," 5,98,303 "," 10,955 "," 12,21,248 "," 5,485 ", -   , -   ," 2,51,102 "," 2,51,102 ", 235 , -   , -   , -   ," 1,550 ", -   , -   , -   , -   ," 19,952 ", -   ," 30,51,297 "
11300001,Andhra Pradesh Circle,All Mail Types,14-04-2026," 1,747 "," 1,37,251 ", 170 ," 2,730 ", -   , -   ," 79,637 ", -   , -   , -   ," 4,405 "," 4,405 ", 5 , -   , -   , -   , 30 , -   , -   , -   , -   ," 15,864 ", -   ," 1,56,747 "
11300001,Andhra Pradesh Circle,All Mail Types,15-04-2026," 50,485 "," 28,91,028 "," 16,895 "," 1,21,370 "," 2,42,300 "," 4,214 "," 17,41,636 "," 4,316 ", -   , -   ," 2,47,015 "," 2,47,015 ", 410 , -   , -   , -   ," 1,720 ", -   , -   , -   , 7 ," 24,876 ", -   ," 29,92,218 "
11300001,Andhra Pradesh Circle,All Mail Types,16-04-2026," 53,195 "," 31,49,011 "," 17,175 "," 1,21,760 "," 3,93,910 "," 18,050 "," 9,78,619 "," 2,875 ", -   , -   ," 2,65,490 "," 2,65,490 ", 460 , -   , -   , -   ," 1,355 ", -   , -   , -   , -   ," 34,564 ", -   ," 31,76,715 "
11300001,Andhra Pradesh Circle,All Mail Types,17-04-2026," 50,540 "," 25,55,043 "," 15,430 "," 1,25,300 "," 1,20,700 "," 3,916 "," 10,02,049 ", 895 , -   , -   ," 2,15,790 "," 2,15,790 "," 1,075 ", 50 , -   , -   ," 1,080 ", -   , -   , -   , -   ," 27,184 ", -   ," 24,01,257 "
11300001,Andhra Pradesh Circle,All Mail Types,18-04-2026," 53,544 "," 32,55,884 "," 17,750 "," 1,12,820 "," 64,923 "," 3,060 "," 14,73,307 "," 3,470 ", -   , -   ," 2,71,414 "," 2,71,414 ", 170 , -   , -   , -   ," 1,135 ", -   , -   , -   , -   ," 42,579 ", -   ," 33,42,816 "
11300001,Andhra Pradesh Circle,All Mail Types,19-04-2026," 4,777 "," 2,85,873 ", 55 ," 1,450 ", -   , -   ," 1,90,560 ", -   , -   , -   ," 16,856 "," 16,856 ", -   , -   , -   , -   , 10 , -   , -   , -   , -   ," 17,721 ", -   ," 3,35,367 "
11300001,Andhra Pradesh Circle,All Mail Types,20-04-2026," 42,711 "," 23,74,965 "," 24,500 "," 1,12,360 "," 59,301 "," 1,668 "," 14,78,737 ", 965 , -   , -   ," 2,01,511 "," 2,01,511 ", 410 , -   , 4 , -   ," 1,220 "," 1,000 ", -   , -   , -   ," 23,341 ", -   ," 23,99,968 "
11300001,Andhra Pradesh Circle,All Mail Types,21-04-2026," 57,991 "," 34,38,834 "," 27,280 "," 1,37,640 "," 1,36,700 "," 5,263 "," 18,63,200 "," 6,511 ", -   , -   ," 2,93,689 "," 2,93,689 ", 570 , -   , -   , -   ," 1,315 ", -   , -   , -   , -   ," 30,479 ", -   ," 34,88,845 "
11300001,Andhra Pradesh Circle,All Mail Types,22-04-2026," 50,425 "," 26,34,980 "," 20,480 "," 1,31,760 "," 2,11,300 "," 3,980 "," 12,86,152 "," 2,943 ", -   , -   ," 2,17,186 "," 2,17,186 ", 120 , -   , -   , -   ," 1,120 ", -   , -   , -   , -   ," 38,797 ", -   ," 25,41,537 "
11300001,Andhra Pradesh Circle,All Mail Types,23-04-2026," 50,511 "," 25,93,469 "," 19,155 "," 1,15,870 "," 1,68,400 "," 9,428 "," 13,64,540 "," 3,369 ", -   , -   ," 2,14,065 "," 2,14,065 "," 1,270 ", -   , -   , -   ," 1,130 ", -   , -   , -   , -   ," 37,458 ", -   ," 25,48,735 "
11300001,Andhra Pradesh Circle,All Mail Types,24-04-2026," 40,010 "," 21,19,290 "," 17,935 "," 1,02,080 "," 53,101 "," 1,245 "," 14,04,674 "," 2,358 ", -   , -   ," 1,65,400 "," 1,65,400 ", 265 , -   , -   , -   ," 1,090 ", -   , -   , -   , -   ," 49,470 ", -   ," 20,19,216 "
11300001,Andhra Pradesh Circle,All Mail Types,25-04-2026," 43,952 "," 28,03,972 "," 13,505 "," 1,21,120 "," 21,800 ", 452 ," 14,98,811 "," 2,688 ", -   , -   ," 2,31,742 "," 2,31,742 ", 170 , 50 , -   , -   ," 1,260 ", -   , -   , -   , -   ," 40,199 ", -   ," 28,12,865 "
11300001,Andhra Pradesh Circle,All Mail Types,26-04-2026," 1,781 "," 1,89,658 ", 155 ," 1,480 ", 800 , -   ," 3,62,758 ", -   , -   , -   ," 2,228 "," 2,228 ", -   , -   , -   , -   , 5 , -   , -   , -   , -   ," 29,671 ", -   ," 2,21,757 "
11300001,Andhra Pradesh Circle,All Mail Types,27-04-2026," 42,691 "," 22,96,409 "," 21,100 "," 1,14,910 "," 37,300 ", 513 ," 12,19,241 "," 3,063 ", -   , -   ," 2,03,657 "," 2,03,657 ", 365 , -   , -   , -   ," 1,325 ", -   , -   , -   , -   ," 4,682 ", -   ," 22,99,750 "
11300001,Andhra Pradesh Circle,All Mail Types,28-04-2026," 45,193 "," 24,70,097 "," 19,205 "," 1,17,260 "," 95,550 "," 2,794 "," 13,42,413 ", 874 , -   , -   ," 2,00,167 "," 2,00,167 ", 250 , -   , -   , -   ," 1,215 ", -   , -   , -   , -   ," 43,031 ", -   ," 23,84,587 "
11300001,Andhra Pradesh Circle,All Mail Types,29-04-2026," 43,235 "," 24,35,790 "," 21,355 "," 1,07,610 "," 4,52,200 "," 9,318 "," 11,34,168 "," 4,067 ", -   , -   ," 2,07,713 "," 2,07,713 ", 775 , -   , -   , -   ," 1,265 ", -   , -   , -   , -   ," 21,929 ", -   ," 23,92,397 "
11300001,Andhra Pradesh Circle,All Mail Types,30-04-2026," 45,148 "," 25,57,978 "," 16,975 "," 1,19,800 "," 17,57,000 "," 27,796 "," 19,70,570 "," 2,838 ", -   , -   ," 1,96,470 "," 1,96,470 ", 595 , 50 , -   , -   ," 1,150 ", -   , -   , -   , -   ," 66,349 ", -   ," 25,12,537 "
11300001,Andhra Pradesh Circle,All Mail Types,01-05-2026," 1,820 "," 1,37,515 ", 50 ," 4,880 ", -   , -   ," 1,85,531 ", -   , -   , -   ," 5,994 "," 5,994 ", 5 , -   , -   , -   , 45 , -   , -   , -   , -   ," 12,697 ", -   ," 1,51,122 "
11300001,Andhra Pradesh Circle,All Mail Types,02-05-2026," 42,503 "," 23,41,268 "," 14,635 "," 1,15,500 "," 47,000 "," 2,076 "," 15,70,722 "," 4,468 ", -   , -   ," 1,96,451 "," 1,96,451 ", 720 , -   , -   , -   ," 1,480 ", -   , -   , -   , -   ," 27,481 ", -   ," 22,30,369 "
11300001,Andhra Pradesh Circle,All Mail Types,03-05-2026," 1,298 "," 1,78,680 ", 90 ," 2,340 "," 56,000 ", 896 ," 1,38,427 ", -   , -   , -   ," 10,402 "," 10,402 ", -   , -   , -   , -   , 15 , -   , -   , -   , -   ," 11,336 ", -   ," 2,02,508 "
11300001,Andhra Pradesh Circle,All Mail Types,04-05-2026," 44,091 "," 25,37,577 "," 19,995 "," 1,04,510 "," 2,56,700 "," 9,591 "," 16,91,533 "," 6,743 ", -   , -   ," 2,18,088 "," 2,18,088 ", 225 , -   , -   , -   ," 1,210 "," 1,000 ", -   , -   , -   ," 19,644 ", -   ," 25,35,866 "
11300001,Andhra Pradesh Circle,All Mail Types,05-05-2026," 52,466 "," 34,37,735 "," 24,080 "," 1,22,060 "," 24,300 "," 1,110 "," 13,07,687 "," 1,960 ", -   , -   ," 3,00,308 "," 3,00,308 ", 300 , -   , 27 , -   ," 1,070 ", 896 , -   , -   , -   ," 17,359 ", -   ," 35,09,440 "
11300001,Andhra Pradesh Circle,All Mail Types,06-05-2026," 48,589 "," 28,40,485 "," 20,455 "," 1,15,950 "," 1,05,408 "," 5,649 "," 13,74,277 "," 3,193 ", -   , -   ," 2,35,601 "," 2,35,601 ", 230 , -   , -   , -   ," 1,000 "," 1,001 ", -   , -   , -   ," 39,353 ", -   ," 28,33,008 "
11300001,Andhra Pradesh Circle,All Mail Types,07-05-2026," 47,901 "," 27,28,207 "," 19,950 "," 1,20,590 "," 48,500 "," 1,928 "," 11,64,237 "," 2,817 ", -   , -   ," 2,33,177 "," 2,33,177 ", 300 , -   , 12 , -   ," 1,010 ", -   , -   , -   , -   ," 24,088 ", -   ," 27,08,135 "
11300001,Andhra Pradesh Circle,All Mail Types,08-05-2026," 47,152 "," 28,47,220 "," 20,515 "," 1,18,050 "," 34,101 "," 1,452 "," 12,87,761 "," 1,819 ", -   , -   ," 2,42,830 "," 2,42,830 ", 190 , 50 , -   , -   ," 1,275 ", -   , -   , -   , -   ," 25,768 ", -   ," 28,27,580 "
11300001,Andhra Pradesh Circle,All Mail Types,09-05-2026," 29,915 "," 18,39,498 "," 7,390 "," 61,620 "," 52,100 ", 996 ," 13,46,888 "," 3,034 ", -   , -   ," 1,46,450 "," 1,46,450 ", 400 , -   , -   , -   , 765 , -   , -   , -   , 284 ," 37,813 ", -   ," 19,82,732 "
11300001,Andhra Pradesh Circle,All Mail Types,10-05-2026," 1,131 "," 1,14,746 ", 30 ," 1,160 ", -   , -   ," 2,01,254 ", -   , -   , -   ," 2,028 "," 2,028 ", -   , -   , -   , -   , 25 , -   , -   , -   , -   ," 16,582 ", -   ," 1,34,840 "
11300001,Andhra Pradesh Circle,All Mail Types,11-05-2026," 39,996 "," 21,86,244 "," 21,080 "," 92,910 "," 65,025 "," 1,535 "," 11,89,170 "," 5,222 ", -   , -   ," 1,89,484 "," 1,89,484 ", 295 , -   , 15 , -   ," 1,305 ", -   , -   , -   , -   ," 13,482 ", -   ," 22,07,049 "
11300001,Andhra Pradesh Circle,All Mail Types,12-05-2026," 49,157 "," 25,02,170 "," 25,735 "," 1,27,270 "," 2,36,200 "," 13,494 "," 15,86,322 "," 2,536 ", -   , -   ," 2,08,577 "," 2,08,577 ", 305 , -   , -   , -   ," 1,095 ", -   , -   , -   , 317 ," 32,288 ", -   ," 24,75,276 "
11300001,Andhra Pradesh Circle,All Mail Types,13-05-2026," 44,982 "," 22,77,052 "," 20,450 "," 1,21,580 "," 2,85,500 "," 7,828 "," 10,11,063 "," 1,324 ", -   , -   ," 1,91,945 "," 1,91,945 ", 325 , -   , -   , -   ," 1,200 ", -   , -   , -   , -   ," 24,972 ", -   ," 21,79,879 "
11300001,Andhra Pradesh Circle,All Mail Types,14-05-2026," 47,034 "," 24,03,861 "," 21,360 "," 1,12,880 "," 34,580 "," 1,046 "," 11,41,044 "," 2,530 ", -   , -   ," 1,96,265 "," 1,96,265 ", 235 , -   , -   , -   ," 1,270 ", -   , -   , -   , 97 ," 38,972 ", -   ," 23,36,627 "
11300001,Andhra Pradesh Circle,All Mail Types,15-05-2026," 47,059 "," 24,85,082 "," 20,065 "," 1,20,120 "," 1,11,351 "," 3,989 "," 11,69,665 "," 1,963 ", -   , -   ," 2,11,099 "," 2,11,099 ", 260 , -   , -   , -   ," 1,430 ", -   , -   , -   , -   ," 24,064 ", -   ," 24,11,881 "
11300001,Andhra Pradesh Circle,All Mail Types,16-05-2026," 43,409 "," 23,34,233 "," 14,215 "," 1,10,150 "," 66,650 "," 2,527 "," 15,59,188 "," 4,870 ", -   , -   ," 1,88,878 "," 1,88,878 "," 1,135 ", -   , -   , -   ," 1,290 ", -   , -   , -   , -   ," 41,277 ", -   ," 23,54,323 "
11300001,Andhra Pradesh Circle,All Mail Types,17-05-2026, 873 ," 60,687 ", 170 ," 3,350 ", -   , -   ," 56,339 ", -   , -   , -   ," 3,536 "," 3,536 ", -   , -   , -   , -   , 20 , -   , -   , -   , -   ," 3,843 ", -   ," 67,771 "
11300001,Andhra Pradesh Circle,All Mail Types,18-05-2026," 45,472 "," 25,64,610 "," 22,100 "," 1,18,720 "," 1,24,250 "," 4,691 "," 11,99,195 "," 3,836 ", -   , -   ," 2,19,314 "," 2,19,314 ", 370 , -   , -   , -   ," 1,665 "," 3,399 ", -   , -   , -   ," 21,755 ", -   ," 25,61,989 "
